GPU,FP32_Forward,FP32_Backward,FP32_Forward_Error,FP32_Backward_Error,FP16_Forward,FP16_Backward,FP16_Forward_Error,FP16_Backward_Error,BF16_Forward,BF16_Backward,BF16_Forward_Error,BF16_Backward_Error
A100,14.454384177777778,2872.8571958888892,0.0037825115689093585,3.8421155952508843,29.566748966666665,315.5209774444445,0.07902237534803437,0.798478376239619,28.66682512222222,320.31603562222205,0.08568456459952516,0.6531441041772569
A40,31.26332207777778,0.0,0.0026018622194104875,0.0,26.743067455555558,770.7264284777777,0.23448736471664278,0.26202219129903387,24.92116077777778,740.5667537444446,0.07122465984583572,0.17801636537564222
H100,15.469293333333333,1106.7261380555556,0.2521620178685493,0.3599350533773643,13.332255799999999,118.8306087222222,0.07023976836577654,0.05644331895303063,13.634818433333335,124.86072098888887,0.061491785546093115,0.057128843103268476
L40,15.784866055555556,0.0,0.0030674568174110673,0.0,17.54492202222222,393.5179826000001,0.07755355136309175,0.08641768297948856,17.5628757,413.4808680666666,0.07758374476068423,0.1886213850667869
V100,38.42864341111112,0.0,0.1351321294627783,0.0,38.91175313333334,0.0,0.11201306869596785,0.0,63.685288344444444,0.0,0.0659732096805882,0.0
